{
	"description": "项目配置文件",
	"packOptions": {
		"ignore": []
	},
	"setting": {
		"urlCheck": false,
		"es6": true,
		"postcss": true,
		"minified": true,
		"newFeature": true,
		"coverView": true,
		"autoAudits": false,
		"showShadowRootInWxmlPanel": true,
		"scopeDataCheck": false,
		"checkInvalidKey": true,
		"checkSiteMap": true,
		"uploadWithSourceMap": true,
		"babelSetting": {
			"ignore": [],
			"disablePlugins": [],
			"outputPath": ""
		},
		"useCompilerModule": true,
		"userConfirmedUseCompilerModuleSwitch": false
	},
	"compileType": "miniprogram",
	"libVersion": "2.11.3",
	"appid": "wx54450b246392c085",
	"projectname": "demo1",
	"debugOptions": {
		"hidedInDevtools": []
	},
	"isGameTourist": false,
	"simulatorType": "wechat",
	"simulatorPluginLibVersion": {},
	"condition": {
		"search": {
			"current": -1,
			"list": []
		},
		"conversation": {
			"current": -1,
			"list": []
		},
		"plugin": {
			"current": -1,
			"list": []
		},
		"game": {
			"currentL": -1,
			"list": []
		},
		"gamePlugin": {
			"current": -1,
			"list": []
		},
		"miniprogram": {
			"current": -1,
			"list": [
				{
					"id": -1,
					"name": "作品",
					"pathName": "pages/works/works",
					"query": "",
					"scene": null
				},
				{
					"id": -1,
					"name": "动态",
					"pathName": "pages/dynamic/dynamic",
					"query": "",
					"scene": null
				},
				{
					"id": 2,
					"name": "pages/pmworks/pmworks",
					"pathName": "pages/pmworks/pmworks",
					"query": "",
					"scene": null
				},
				{
					"id": -1,
					"name": "pages/dynamic/dynamic",
					"pathName": "pages/dynamic/dynamic",
					"query": "",
					"scene": null
				}
			]
		}
	}
}